"BROKEN","EPIC","FAILED","FEATURE","PASSED","SKIPPED","STORY","UNKNOWN"
"0","","0","Customer Login - API Tests","1","0","Successful API login returns token","0"
"4","","0","Customer Login - UI Tests","0","0","Login fails with various invalid inputs","0"
"1","","0","Customer Login - UI Tests","0","0","Successful login with valid credentials","0"
"0","","0","Customer Login - API Tests","1","0","API login fails with missing password","0"
"0","","0","Customer Login - API Tests","1","0","API login fails with invalid credentials","0"
"1","","0","Customer Login - UI Tests","0","0","Successful login using test data file","0"
"0","","0","Customer Login - API Tests","1","0","API login fails with missing email","0"
"1","","0","Customer Login - UI Tests","0","0","Login page elements are displayed correctly","0"
"1","","0","Customer Login - UI Tests","0","0","Login fails with invalid credentials","0"
